timestamp,price,atr
0,68025.36000000,
1,67901.94000000,
2,68244.33000000,
3,67508.61000000,
4,69037.35000000,
5,66966.22950000,
6,68975.21638500,
7,66905.95989345,
8,68913.13869025,
9,66845.74452955,
10,68851.11686543,
11,66785.58335947,
12,68789.15086025,
13,70852.82538606,
14,72978.41014764,
15,75167.76245207,
16,77422.79532563,
17,79745.47918540,
18,82137.84356097,
19,84601.97886779,
20,87140.03823383,
21,89754.23938084,
22,92446.86656227,
23,95220.27255914,
24,98076.88073591,
25,101019.18715799,
26,104049.76277273,
27,107171.25565591,
28,110386.39332559,
29,113697.98512535,
30,117108.92467911,
31,120622.19241949,
32,124240.85819207,
33,127968.08393784,
34,131807.12645597,
35,135761.34024965,
36,139834.18045714,
37,144029.20587085,
38,148350.08204698,
39,152800.58450839,
40,157384.60204364,
41,162106.14010495,
42,166969.32430810,
43,171978.40403734,
44,177137.75615846,
45,182451.88884321,
46,187925.44550851,
47,193563.20887377,
48,199370.10513998,
49,205351.20829418,
50,211511.74454300,
51,217857.09687929,
52,224392.80978567,
53,231124.59407924,
54,238058.33190162,
55,245200.08185867,
56,252556.08431443,
57,260132.76684386,
58,267936.74984918,
59,275974.85234465,
60,284254.09791499,
61,292781.72085244,
62,301565.17247802,
63,310612.12765236,
64,319930.49148193,
65,329528.40622638,
66,339414.25841318,
67,349596.68616557,
68,360084.58675054,
69,370887.12435305,
70,382013.73808365,
71,393474.15022616,
72,405278.37473294,
73,417436.72597493,
74,429959.82775418,
75,442858.62258680,
76,456144.38126441,
77,469828.71270234,
78,483923.57408341,
79,498441.28130591,
80,513394.51974509,
81,528796.35533744,
82,544660.24599756,
83,561000.05337749,
84,577830.05497882,
85,595164.95662818,
86,613019.90532703,
87,631410.50248684,
88,650352.81756144,
89,669863.40208828,
90,689959.30415093,
91,710658.08327546,
92,731977.82577372,
93,753937.16054694,
94,776555.27536334,
95,799851.93362425,
96,823847.49163297,
97,848562.91638196,
98,874019.80387342,
99,900240.39798962,
100,927247.60992931,
101,955065.03822719,
102,983716.98937401,
103,1000000.00000000,
104,1000000.00000000,
105,1000000.00000000,
106,1000000.00000000,
107,1000000.00000000,
108,1000000.00000000,
109,1000000.00000000,
110,1000000.00000000,
111,1000000.00000000,
112,1000000.00000000,
113,1000000.00000000,
114,1000000.00000000,
115,1000000.00000000,
116,1000000.00000000,
117,1000000.00000000,
118,1000000.00000000,
119,1000000.00000000,
120,1000000.00000000,
121,1000000.00000000,
122,1000000.00000000,
123,1000000.00000000,
124,1000000.00000000,
125,1000000.00000000,
126,1000000.00000000,
127,1000000.00000000,
128,1000000.00000000,
129,1000000.00000000,
130,1000000.00000000,
131,1000000.00000000,
132,1000000.00000000,
133,1000000.00000000,
134,1000000.00000000,
135,1000000.00000000,
136,1000000.00000000,
137,1000000.00000000,
138,1000000.00000000,
139,1000000.00000000,
140,1000000.00000000,
141,1000000.00000000,
142,1000000.00000000,
143,1000000.00000000,
144,1000000.00000000,
145,1000000.00000000,
146,1000000.00000000,
147,1000000.00000000,
148,1000000.00000000,
149,1000000.00000000,
150,1000000.00000000,
151,1000000.00000000,
152,1000000.00000000,
153,1000000.00000000,
154,1000000.00000000,
155,1000000.00000000,
156,1000000.00000000,
157,1000000.00000000,
158,1000000.00000000,
159,1000000.00000000,
160,1000000.00000000,
161,1000000.00000000,
162,1000000.00000000,
163,1000000.00000000,
164,1000000.00000000,
165,1000000.00000000,
166,1000000.00000000,
167,1000000.00000000,
168,1000000.00000000,
169,1000000.00000000,
170,1000000.00000000,
171,1000000.00000000,
172,1000000.00000000,
173,1000000.00000000,
174,1000000.00000000,
175,1000000.00000000,
176,1000000.00000000,
177,1000000.00000000,
178,1000000.00000000,
179,1000000.00000000,
180,1000000.00000000,
181,1000000.00000000,
182,1000000.00000000,
183,1000000.00000000,
184,1000000.00000000,
185,1000000.00000000,
186,1000000.00000000,
187,1000000.00000000,
188,1000000.00000000,
189,1000000.00000000,
190,1000000.00000000,
191,1000000.00000000,
192,1000000.00000000,
193,1000000.00000000,
194,1000000.00000000,
195,1000000.00000000,
196,1000000.00000000,
197,1000000.00000000,
198,1000000.00000000,
199,1000000.00000000,
200,1000000.00000000,
201,1000000.00000000,
202,1000000.00000000,
203,1000000.00000000,
204,1000000.00000000,
205,1000000.00000000,
206,1000000.00000000,
207,1000000.00000000,
208,1000000.00000000,
209,1000000.00000000,
210,1000000.00000000,
211,1000000.00000000,
212,1000000.00000000,
213,1000000.00000000,
214,1000000.00000000,
215,1000000.00000000,
216,1000000.00000000,
217,1000000.00000000,
218,1000000.00000000,
219,1000000.00000000,
220,1000000.00000000,
221,1000000.00000000,
222,1000000.00000000,
223,1000000.00000000,
224,1000000.00000000,
225,1000000.00000000,
226,1000000.00000000,
227,1000000.00000000,
228,1000000.00000000,
229,1000000.00000000,
230,1000000.00000000,
231,1000000.00000000,
232,1000000.00000000,
233,1000000.00000000,
234,1000000.00000000,
235,1000000.00000000,
236,1000000.00000000,
237,1000000.00000000,
238,1000000.00000000,
239,1000000.00000000,
240,1000000.00000000,
241,1000000.00000000,
242,1000000.00000000,
243,1000000.00000000,
244,1000000.00000000,
245,1000000.00000000,
246,1000000.00000000,
247,1000000.00000000,
248,1000000.00000000,
249,1000000.00000000,
250,1000000.00000000,
251,1000000.00000000,
252,1000000.00000000,
253,1000000.00000000,
254,1000000.00000000,
255,1000000.00000000,
256,1000000.00000000,
257,1000000.00000000,
258,1000000.00000000,
259,1000000.00000000,
260,1000000.00000000,
261,1000000.00000000,
262,1000000.00000000,
263,1000000.00000000,
264,1000000.00000000,
265,1000000.00000000,
266,1000000.00000000,
267,1000000.00000000,
268,1000000.00000000,
269,1000000.00000000,
270,1000000.00000000,
271,1000000.00000000,
272,1000000.00000000,
273,1000000.00000000,
274,1000000.00000000,
275,1000000.00000000,
276,1000000.00000000,
277,1000000.00000000,
278,1000000.00000000,
279,1000000.00000000,
280,1000000.00000000,
281,1000000.00000000,
282,1000000.00000000,
283,1000000.00000000,
284,1000000.00000000,
285,1000000.00000000,
286,1000000.00000000,
287,1000000.00000000,
288,1000000.00000000,
289,1000000.00000000,
290,1000000.00000000,
291,1000000.00000000,
292,1000000.00000000,
293,1000000.00000000,
294,1000000.00000000,
295,1000000.00000000,
296,1000000.00000000,
297,1000000.00000000,
298,1000000.00000000,
299,1000000.00000000,
300,1000000.00000000,
301,1000000.00000000,
302,1000000.00000000,
303,1000000.00000000,
304,1000000.00000000,
305,1000000.00000000,
306,1000000.00000000,
307,1000000.00000000,
308,1000000.00000000,
309,1000000.00000000,
310,1000000.00000000,
311,1000000.00000000,
312,1000000.00000000,
313,1000000.00000000,
314,1000000.00000000,
315,1000000.00000000,
316,1000000.00000000,
317,1000000.00000000,
318,1000000.00000000,
319,1000000.00000000,
320,1000000.00000000,
321,1000000.00000000,
322,1000000.00000000,
323,1000000.00000000,
324,1000000.00000000,
325,1000000.00000000,
326,1000000.00000000,
327,1000000.00000000,
328,1000000.00000000,
329,1000000.00000000,
330,1000000.00000000,
331,1000000.00000000,
332,1000000.00000000,
333,1000000.00000000,
334,1000000.00000000,
335,1000000.00000000,
336,1000000.00000000,
337,1000000.00000000,
338,1000000.00000000,
339,1000000.00000000,
340,1000000.00000000,
341,1000000.00000000,
342,1000000.00000000,
343,1000000.00000000,
344,1000000.00000000,
345,1000000.00000000,
346,1000000.00000000,
347,1000000.00000000,
348,1000000.00000000,
349,1000000.00000000,
350,1000000.00000000,
351,1000000.00000000,
352,1000000.00000000,
353,1000000.00000000,
354,1000000.00000000,
355,1000000.00000000,
356,1000000.00000000,
357,1000000.00000000,
358,1000000.00000000,
359,1000000.00000000,
360,1000000.00000000,
361,1000000.00000000,
362,1000000.00000000,
363,1000000.00000000,
364,1000000.00000000,
365,1000000.00000000,
366,1000000.00000000,
367,1000000.00000000,
368,1000000.00000000,
369,1000000.00000000,
370,1000000.00000000,
371,1000000.00000000,
372,1000000.00000000,
373,1000000.00000000,
374,1000000.00000000,
375,1000000.00000000,
376,1000000.00000000,
377,1000000.00000000,
378,1000000.00000000,
379,1000000.00000000,
380,1000000.00000000,
381,1000000.00000000,
382,1000000.00000000,
383,1000000.00000000,
384,1000000.00000000,
385,1000000.00000000,
386,1000000.00000000,
387,1000000.00000000,
388,1000000.00000000,
389,1000000.00000000,
390,1000000.00000000,
391,1000000.00000000,
392,1000000.00000000,
393,1000000.00000000,
394,1000000.00000000,
395,1000000.00000000,
396,1000000.00000000,
397,1000000.00000000,
398,1000000.00000000,
399,1000000.00000000,
400,1000000.00000000,
401,1000000.00000000,
402,1000000.00000000,
403,1000000.00000000,
404,1000000.00000000,
405,1000000.00000000,
406,1000000.00000000,
407,1000000.00000000,
408,1000000.00000000,
409,1000000.00000000,
410,1000000.00000000,
411,1000000.00000000,
412,1000000.00000000,
413,1000000.00000000,
414,1000000.00000000,
415,1000000.00000000,
416,1000000.00000000,
417,1000000.00000000,
418,1000000.00000000,
419,1000000.00000000,
420,1000000.00000000,
421,1000000.00000000,
422,1000000.00000000,
423,1000000.00000000,
424,1000000.00000000,
425,1000000.00000000,
426,1000000.00000000,
427,1000000.00000000,
428,1000000.00000000,
429,1000000.00000000,
430,1000000.00000000,
431,1000000.00000000,
432,1000000.00000000,
433,1000000.00000000,
434,1000000.00000000,
435,1000000.00000000,
436,1000000.00000000,
437,1000000.00000000,
438,1000000.00000000,
439,1000000.00000000,
440,1000000.00000000,
441,1000000.00000000,
442,1000000.00000000,
443,1000000.00000000,
444,1000000.00000000,
445,1000000.00000000,
446,1000000.00000000,
447,1000000.00000000,
448,1000000.00000000,
449,1000000.00000000,
450,1000000.00000000,
451,1000000.00000000,
452,1000000.00000000,
453,1000000.00000000,
454,1000000.00000000,
455,1000000.00000000,
456,1000000.00000000,
457,1000000.00000000,
458,1000000.00000000,
459,1000000.00000000,
460,1000000.00000000,
461,1000000.00000000,
462,1000000.00000000,
463,1000000.00000000,
464,1000000.00000000,
465,1000000.00000000,
466,1000000.00000000,
467,1000000.00000000,
468,1000000.00000000,
469,1000000.00000000,
470,1000000.00000000,
471,1000000.00000000,
472,1000000.00000000,
473,1000000.00000000,
474,1000000.00000000,
475,1000000.00000000,
476,1000000.00000000,
477,1000000.00000000,
478,1000000.00000000,
479,1000000.00000000,
480,1000000.00000000,
481,1000000.00000000,
482,1000000.00000000,
483,1000000.00000000,
484,1000000.00000000,
485,1000000.00000000,
486,1000000.00000000,
487,1000000.00000000,
488,1000000.00000000,
489,1000000.00000000,
490,1000000.00000000,
491,1000000.00000000,
492,1000000.00000000,
493,1000000.00000000,
494,1000000.00000000,
495,1000000.00000000,
496,1000000.00000000,
497,1000000.00000000,
498,1000000.00000000,
499,1000000.00000000,
